ResponseID,S01. Every individual has a responsibility to contribute positively to society.,S02. Universities should encourage students to participate in community service activities.,S03. New technologies should be evaluated for their societal impact before widespread deployment.,S04. Technology companies should be accountable for unethical use of their platforms.,S05. Individuals should have greater control over how their personal data are collected and used.,"S06. Combating online misinformation requires shared responsibility among users, platforms, and governments.",S07. Equal opportunities should be prioritized regardless of a person's background.,S08. Diverse teams generally make better decisions than homogeneous teams.,S09. Universities should promote an inclusive environment where different viewpoints can be discussed respectfully.,S10. Scientific evidence should play an important role in public policy decisions.,S11. People should be free to express differing opinions as long as they do not promote harm or discrimination.,S12. Young people should actively participate in addressing societal challenges.,S13. Critical evaluation of online information should be taught as a core educational skill.,S14. Leaders should prioritize ethical decision-making even when it reduces short-term gains.,S15. Building public trust is essential for responsible adoption of emerging technologies.
11,1.0,0.0,0.0,1.0,1.0,1.0,1.0,0.0,1.0,1.0,1.0,1.0,1.0,2.0,2.0
12,1.0,0.0,1.0,1.0,0.0,1.0,1.0,0.0,1.0,0.0,1.0,0.0,0.0,1.0,1.0
13,1.0,0.0,1.0,1.0,1.0,1.0,2.0,2.0,2.0,2.0,2.0,1.0,2.0,1.0,1.0
14,1.0,1.0,1.0,2.0,2.0,2.0,1.0,0.0,1.0,1.0,1.0,1.0,1.0,1.0,1.0
16,1.0,1.0,2.0,2.0,2.0,1.0,0.0,1.0,2.0,1.0,1.0,1.0,2.0,2.0,0.0
17,1.0,2.0,1.0,1.0,2.0,2.0,1.0,-2.0,1.0,2.0,1.0,1.0,1.0,0.0,1.0
18,2.0,1.0,1.0,2.0,2.0,2.0,1.0,1.0,1.0,1.0,1.0,1.0,1.0,1.0,1.0
19,0.0,-1.0,1.0,1.0,1.0,2.0,2.0,0.0,2.0,2.0,2.0,-1.0,1.0,1.0,2.0
20,2.0,1.0,1.0,1.0,2.0,0.0,2.0,2.0,2.0,1.0,2.0,1.0,2.0,2.0,2.0
21,2.0,2.0,2.0,2.0,2.0,2.0,1.0,2.0,2.0,2.0,2.0,2.0,2.0,2.0,2.0
22,0.0,1.0,1.0,2.0,1.0,1.0,0.0,2.0,1.0,1.0,-1.0,1.0,1.0,0.0,0.0
24,1.0,0.0,2.0,1.0,2.0,1.0,1.0,1.0,1.0,1.0,1.0,0.0,1.0,1.0,1.0
26,2.0,-1.0,1.0,2.0,2.0,2.0,2.0,2.0,2.0,2.0,2.0,2.0,0.0,2.0,-1.0
29,2.0,1.0,1.0,1.0,1.0,2.0,2.0,2.0,2.0,2.0,2.0,2.0,2.0,2.0,2.0
30,1.0,1.0,1.0,1.0,2.0,2.0,2.0,1.0,2.0,1.0,2.0,1.0,1.0,1.0,1.0
31,2.0,1.0,1.0,0.0,2.0,2.0,1.0,0.0,1.0,1.0,2.0,1.0,1.0,1.0,1.0
32,1.0,1.0,2.0,2.0,2.0,1.0,2.0,0.0,1.0,2.0,1.0,1.0,2.0,1.0,1.0
35,1.0,0.0,1.0,-1.0,1.0,2.0,2.0,1.0,1.0,1.0,1.0,2.0,1.0,0.0,2.0
36,2.0,-2.0,0.0,0.0,2.0,-2.0,2.0,0.0,1.0,0.0,2.0,0.0,2.0,2.0,2.0
37,1.0,-1.0,2.0,2.0,2.0,2.0,2.0,0.0,2.0,2.0,2.0,2.0,2.0,2.0,2.0
38,2.0,0.0,2.0,0.0,2.0,2.0,2.0,1.0,2.0,1.0,1.0,1.0,1.0,1.0,1.0
39,1.0,1.0,1.0,1.0,2.0,2.0,2.0,1.0,2.0,1.0,2.0,1.0,1.0,1.0,1.0
40,2.0,2.0,2.0,2.0,1.0,2.0,2.0,2.0,2.0,1.0,2.0,1.0,1.0,2.0,2.0
41,2.0,2.0,2.0,2.0,2.0,2.0,2.0,2.0,2.0,2.0,2.0,2.0,2.0,2.0,2.0
42,1.0,1.0,1.0,0.0,1.0,1.0,2.0,-1.0,2.0,1.0,1.0,1.0,1.0,0.0,2.0
43,1.0,1.0,0.0,2.0,2.0,2.0,2.0,0.0,2.0,0.0,2.0,1.0,2.0,1.0,0.0
45,2.0,1.0,1.0,1.0,2.0,1.0,2.0,0.0,2.0,1.0,2.0,1.0,1.0,1.0,1.0
46,1.0,1.0,1.0,1.0,1.0,2.0,1.0,2.0,2.0,2.0,2.0,1.0,2.0,1.0,1.0
48,-1.0,1.0,0.0,-1.0,2.0,2.0,2.0,2.0,1.0,1.0,2.0,1.0,1.0,0.0,1.0
49,1.0,1.0,2.0,2.0,2.0,2.0,2.0,1.0,2.0,1.0,2.0,1.0,2.0,2.0,1.0
50,2.0,2.0,2.0,2.0,2.0,2.0,2.0,1.0,2.0,2.0,2.0,2.0,2.0,2.0,2.0
52,1.0,2.0,1.0,2.0,2.0,1.0,2.0,2.0,2.0,2.0,2.0,2.0,2.0,2.0,1.0
53,2.0,1.0,1.0,1.0,2.0,2.0,2.0,2.0,2.0,1.0,1.0,1.0,1.0,2.0,1.0
54,2.0,2.0,2.0,-1.0,2.0,2.0,2.0,0.0,2.0,2.0,2.0,2.0,2.0,2.0,2.0
55,2.0,1.0,2.0,2.0,2.0,2.0,2.0,1.0,2.0,1.0,2.0,2.0,2.0,2.0,2.0
56,2.0,1.0,1.0,1.0,1.0,1.0,2.0,1.0,1.0,2.0,1.0,2.0,0.0,1.0,1.0
57,2.0,2.0,2.0,2.0,2.0,2.0,1.0,1.0,2.0,2.0,2.0,2.0,1.0,2.0,2.0
58,-2.0,-2.0,1.0,1.0,1.0,1.0,0.0,-2.0,1.0,2.0,2.0,2.0,2.0,0.0,0.0
59,1.0,1.0,0.0,-1.0,2.0,2.0,0.0,2.0,1.0,0.0,2.0,1.0,0.0,2.0,2.0
61,2.0,1.0,2.0,2.0,2.0,2.0,2.0,2.0,2.0,1.0,2.0,1.0,2.0,2.0,2.0
62,2.0,2.0,2.0,2.0,1.0,2.0,0.0,2.0,2.0,2.0,2.0,2.0,2.0,2.0,2.0
63,2.0,2.0,0.0,2.0,2.0,0.0,2.0,2.0,1.0,2.0,2.0,2.0,0.0,1.0,2.0
64,1.0,0.0,1.0,0.0,1.0,1.0,2.0,1.0,1.0,0.0,1.0,1.0,1.0,1.0,1.0
65,2.0,0.0,1.0,1.0,2.0,0.0,1.0,1.0,1.0,0.0,1.0,0.0,-1.0,1.0,1.0
66,2.0,1.0,2.0,1.0,2.0,2.0,2.0,0.0,1.0,2.0,2.0,1.0,2.0,2.0,1.0
67,2.0,1.0,2.0,1.0,2.0,2.0,2.0,1.0,2.0,2.0,2.0,1.0,2.0,2.0,2.0
69,1.0,2.0,1.0,2.0,1.0,2.0,0.0,-1.0,1.0,1.0,1.0,1.0,2.0,1.0,1.0
70,2.0,1.0,2.0,2.0,2.0,2.0,2.0,1.0,2.0,1.0,2.0,2.0,1.0,1.0,1.0
72,2.0,2.0,2.0,2.0,0.0,0.0,2.0,0.0,1.0,2.0,2.0,2.0,2.0,2.0,2.0
74,0.0,1.0,-1.0,1.0,2.0,2.0,2.0,2.0,2.0,2.0,2.0,2.0,2.0,2.0,2.0
77,1.0,1.0,1.0,1.0,2.0,2.0,2.0,1.0,2.0,1.0,2.0,1.0,1.0,1.0,1.0
79,1.0,1.0,1.0,2.0,2.0,1.0,0.0,1.0,1.0,2.0,1.0,1.0,0.0,0.0,1.0
80,2.0,2.0,2.0,2.0,2.0,2.0,2.0,2.0,2.0,1.0,1.0,2.0,1.0,2.0,1.0
81,2.0,2.0,2.0,2.0,2.0,2.0,1.0,2.0,2.0,2.0,2.0,2.0,2.0,2.0,2.0
82,2.0,1.0,2.0,2.0,2.0,1.0,2.0,0.0,1.0,2.0,2.0,2.0,1.0,2.0,1.0
83,2.0,2.0,1.0,1.0,2.0,2.0,2.0,2.0,2.0,2.0,2.0,2.0,1.0,1.0,2.0
84,1.0,-2.0,1.0,1.0,2.0,1.0,1.0,0.0,0.0,2.0,0.0,0.0,2.0,2.0,0.0
85,1.0,0.0,2.0,1.0,2.0,2.0,2.0,-1.0,2.0,0.0,2.0,-1.0,2.0,1.0,1.0
86,2.0,1.0,2.0,2.0,2.0,2.0,2.0,2.0,2.0,0.0,2.0,1.0,1.0,2.0,2.0
87,1.0,1.0,1.0,1.0,2.0,2.0,2.0,1.0,2.0,1.0,2.0,1.0,1.0,1.0,1.0
89,-2.0,0.0,-2.0,1.0,2.0,1.0,2.0,1.0,2.0,1.0,2.0,0.0,0.0,1.0,-2.0
90,1.0,1.0,1.0,1.0,1.0,1.0,1.0,1.0,1.0,1.0,1.0,1.0,1.0,1.0,1.0
91,1.0,1.0,1.0,1.0,1.0,1.0,1.0,0.0,1.0,1.0,1.0,1.0,1.0,1.0,1.0
92,1.0,1.0,2.0,2.0,1.0,2.0,2.0,0.0,2.0,1.0,1.0,2.0,1.0,2.0,2.0
93,1.0,1.0,1.0,1.0,2.0,1.0,1.0,1.0,2.0,1.0,1.0,2.0,1.0,1.0,1.0
94,2.0,2.0,2.0,2.0,2.0,2.0,2.0,2.0,2.0,2.0,2.0,2.0,2.0,2.0,2.0
95,2.0,2.0,2.0,2.0,2.0,1.0,1.0,1.0,2.0,1.0,2.0,2.0,2.0,2.0,2.0
97,-1.0,2.0,2.0,2.0,2.0,2.0,2.0,1.0,2.0,1.0,2.0,2.0,2.0,1.0,2.0
99,1.0,1.0,1.0,2.0,2.0,2.0,1.0,1.0,1.0,1.0,1.0,1.0,1.0,1.0,1.0
101,1.0,2.0,1.0,1.0,2.0,1.0,1.0,2.0,1.0,1.0,1.0,1.0,2.0,1.0,2.0
102,1.0,1.0,1.0,2.0,2.0,1.0,1.0,2.0,1.0,1.0,1.0,1.0,0.0,1.0,1.0
103,1.0,0.0,1.0,1.0,2.0,1.0,2.0,-1.0,0.0,1.0,1.0,1.0,1.0,1.0,1.0
104,1.0,1.0,2.0,2.0,2.0,2.0,2.0,0.0,2.0,1.0,2.0,2.0,1.0,2.0,2.0
105,2.0,2.0,2.0,2.0,2.0,2.0,2.0,0.0,2.0,2.0,2.0,2.0,2.0,1.0,2.0
106,2.0,2.0,2.0,0.0,1.0,1.0,1.0,1.0,2.0,0.0,2.0,2.0,1.0,1.0,0.0
108,2.0,2.0,2.0,2.0,1.0,2.0,2.0,2.0,2.0,2.0,2.0,1.0,2.0,2.0,2.0
109,2.0,2.0,2.0,1.0,2.0,2.0,2.0,2.0,1.0,0.0,1.0,1.0,1.0,0.0,2.0
110,2.0,2.0,2.0,2.0,2.0,2.0,2.0,2.0,2.0,2.0,2.0,2.0,2.0,2.0,2.0
111,2.0,1.0,2.0,2.0,2.0,0.0,2.0,2.0,2.0,2.0,0.0,2.0,2.0,2.0,2.0
113,0.0,0.0,-1.0,0.0,2.0,1.0,1.0,0.0,1.0,1.0,2.0,2.0,1.0,2.0,0.0
114,1.0,1.0,2.0,0.0,2.0,2.0,2.0,1.0,2.0,2.0,2.0,2.0,2.0,2.0,2.0
115,1.0,-1.0,-1.0,1.0,2.0,1.0,2.0,1.0,1.0,0.0,1.0,2.0,0.0,1.0,1.0
116,2.0,-1.0,2.0,2.0,2.0,1.0,1.0,2.0,1.0,1.0,2.0,2.0,1.0,1.0,0.0
117,-1.0,0.0,-1.0,0.0,2.0,1.0,1.0,0.0,1.0,1.0,2.0,0.0,1.0,0.0,1.0
118,1.0,0.0,2.0,1.0,1.0,1.0,2.0,1.0,1.0,1.0,2.0,2.0,1.0,0.0,1.0
119,0.0,1.0,1.0,-1.0,0.0,0.0,-1.0,0.0,0.0,-1.0,1.0,-1.0,1.0,0.0,1.0
120,1.0,-1.0,2.0,-2.0,1.0,-2.0,-1.0,2.0,0.0,1.0,2.0,1.0,0.0,-1.0,-2.0
121,2.0,1.0,1.0,1.0,0.0,2.0,2.0,0.0,1.0,2.0,2.0,0.0,1.0,1.0,1.0
123,1.0,1.0,1.0,0.0,0.0,1.0,-1.0,1.0,1.0,1.0,1.0,0.0,0.0,1.0,0.0
125,2.0,-2.0,2.0,-2.0,2.0,1.0,1.0,1.0,2.0,1.0,1.0,1.0,1.0,1.0,2.0
126,1.0,1.0,1.0,1.0,1.0,1.0,1.0,1.0,1.0,1.0,1.0,1.0,1.0,1.0,1.0
