ResponseID,V01. Climate change requires immediate global action.,V02. Governments should prioritize investment in renewable energy over fossil fuels.,V03. Individuals should actively reduce their personal energy consumption.,V04. Public transportation and non-motorized transport should be promoted even if they require additional public investment.,V05. Single-use plastics should be significantly restricted.,"V06. Water conservation should be a priority in households, institutions, and industries.",V07. Protecting biodiversity is essential for long-term human well-being.,V08. Universities should adopt environmentally sustainable campus practices even if implementation costs increase.,"V09. Products should be designed to encourage reuse, repair, and recycling.",V10. Consumers should consider environmental impact when purchasing products.,V11. Technological innovation is essential for addressing environmental challenges.,V12. Environmental sustainability should be integrated into higher education curricula.,V13. Companies should be held accountable for the environmental impacts of their activities.,V14. International cooperation is necessary to effectively address environmental challenges.,V15. Current generations have a responsibility to protect natural resources for future generations.
11,1.0,1.0,1.0,0.0,0.0,0.0,1.0,0.0,2.0,0.0,0.0,0.0,1.0,1.0,0.0
12,1.0,1.0,0.0,0.0,1.0,1.0,1.0,1.0,1.0,0.0,1.0,1.0,1.0,1.0,1.0
13,2.0,2.0,1.0,2.0,1.0,1.0,2.0,2.0,2.0,2.0,2.0,1.0,2.0,2.0,1.0
14,2.0,1.0,1.0,1.0,1.0,1.0,1.0,1.0,1.0,1.0,1.0,1.0,2.0,2.0,1.0
16,1.0,1.0,1.0,2.0,2.0,1.0,2.0,1.0,2.0,0.0,1.0,0.0,2.0,2.0,1.0
17,1.0,2.0,0.0,2.0,1.0,2.0,1.0,1.0,2.0,2.0,2.0,1.0,2.0,0.0,1.0
18,1.0,1.0,0.0,2.0,1.0,1.0,2.0,2.0,2.0,1.0,1.0,1.0,2.0,2.0,1.0
19,2.0,2.0,2.0,2.0,2.0,2.0,2.0,2.0,2.0,0.0,2.0,1.0,2.0,2.0,2.0
20,1.0,1.0,2.0,2.0,2.0,2.0,2.0,2.0,2.0,2.0,2.0,2.0,2.0,2.0,2.0
21,2.0,2.0,2.0,2.0,2.0,2.0,2.0,2.0,2.0,2.0,2.0,2.0,2.0,2.0,2.0
22,0.0,0.0,2.0,1.0,2.0,1.0,1.0,1.0,1.0,1.0,0.0,1.0,1.0,1.0,2.0
24,2.0,1.0,1.0,0.0,1.0,1.0,0.0,1.0,2.0,0.0,2.0,-1.0,2.0,2.0,1.0
26,2.0,2.0,-2.0,1.0,2.0,2.0,2.0,1.0,2.0,-1.0,2.0,0.0,2.0,2.0,2.0
29,2.0,2.0,2.0,2.0,2.0,2.0,2.0,2.0,2.0,2.0,2.0,2.0,2.0,2.0,2.0
30,2.0,2.0,1.0,2.0,2.0,2.0,2.0,1.0,2.0,1.0,1.0,1.0,2.0,2.0,2.0
31,0.0,0.0,0.0,-1.0,1.0,2.0,2.0,2.0,2.0,1.0,1.0,1.0,1.0,1.0,2.0
32,2.0,2.0,1.0,2.0,1.0,1.0,1.0,1.0,1.0,1.0,1.0,1.0,1.0,1.0,2.0
35,2.0,2.0,2.0,2.0,2.0,2.0,2.0,2.0,2.0,2.0,2.0,1.0,2.0,2.0,2.0
36,2.0,2.0,2.0,2.0,-2.0,2.0,0.0,1.0,2.0,0.0,-1.0,2.0,2.0,2.0,2.0
37,2.0,0.0,2.0,2.0,2.0,2.0,2.0,2.0,2.0,2.0,2.0,2.0,2.0,2.0,2.0
38,2.0,2.0,2.0,1.0,1.0,1.0,2.0,1.0,2.0,1.0,2.0,2.0,2.0,2.0,1.0
39,2.0,2.0,1.0,2.0,2.0,2.0,2.0,1.0,2.0,1.0,1.0,1.0,2.0,2.0,2.0
40,2.0,2.0,1.0,2.0,2.0,2.0,2.0,2.0,2.0,2.0,2.0,2.0,2.0,2.0,1.0
41,2.0,2.0,2.0,2.0,1.0,2.0,2.0,2.0,2.0,2.0,2.0,1.0,2.0,2.0,2.0
42,1.0,2.0,1.0,2.0,1.0,1.0,1.0,1.0,1.0,1.0,2.0,2.0,1.0,2.0,1.0
43,1.0,2.0,1.0,2.0,2.0,2.0,2.0,2.0,2.0,2.0,2.0,2.0,2.0,2.0,1.0
45,1.0,2.0,1.0,2.0,1.0,2.0,1.0,0.0,2.0,0.0,1.0,1.0,2.0,1.0,1.0
46,1.0,1.0,1.0,1.0,0.0,1.0,1.0,1.0,2.0,1.0,1.0,0.0,1.0,2.0,1.0
48,2.0,2.0,1.0,2.0,2.0,1.0,2.0,2.0,1.0,1.0,1.0,2.0,2.0,2.0,2.0
49,2.0,2.0,1.0,2.0,2.0,2.0,2.0,1.0,2.0,2.0,0.0,2.0,2.0,2.0,2.0
50,1.0,1.0,1.0,2.0,1.0,2.0,2.0,2.0,2.0,0.0,2.0,2.0,2.0,2.0,1.0
52,1.0,1.0,1.0,1.0,1.0,1.0,1.0,1.0,2.0,1.0,1.0,0.0,2.0,2.0,2.0
53,2.0,2.0,1.0,1.0,1.0,2.0,2.0,1.0,2.0,2.0,1.0,2.0,2.0,1.0,2.0
54,2.0,2.0,2.0,2.0,2.0,2.0,2.0,2.0,2.0,2.0,2.0,2.0,2.0,2.0,2.0
55,2.0,2.0,1.0,1.0,2.0,2.0,2.0,0.0,2.0,1.0,2.0,2.0,2.0,2.0,2.0
56,2.0,2.0,0.0,1.0,1.0,0.0,1.0,1.0,2.0,0.0,1.0,0.0,2.0,1.0,2.0
57,2.0,2.0,1.0,2.0,2.0,1.0,2.0,2.0,2.0,1.0,1.0,2.0,2.0,1.0,2.0
58,0.0,1.0,0.0,0.0,1.0,1.0,1.0,1.0,1.0,1.0,1.0,0.0,1.0,0.0,1.0
59,1.0,1.0,-1.0,1.0,2.0,2.0,2.0,2.0,2.0,1.0,1.0,2.0,2.0,2.0,1.0
61,2.0,2.0,2.0,1.0,2.0,2.0,2.0,2.0,2.0,2.0,1.0,1.0,2.0,1.0,1.0
62,1.0,2.0,2.0,2.0,2.0,2.0,2.0,2.0,2.0,2.0,0.0,1.0,2.0,2.0,2.0
63,0.0,1.0,0.0,2.0,2.0,2.0,2.0,0.0,2.0,0.0,0.0,0.0,1.0,1.0,2.0
64,2.0,2.0,1.0,1.0,2.0,1.0,2.0,2.0,1.0,1.0,0.0,1.0,2.0,2.0,1.0
65,1.0,1.0,1.0,1.0,0.0,1.0,1.0,1.0,2.0,0.0,1.0,1.0,1.0,1.0,1.0
66,2.0,1.0,0.0,2.0,2.0,2.0,2.0,2.0,2.0,1.0,1.0,1.0,2.0,2.0,2.0
67,2.0,1.0,1.0,1.0,2.0,2.0,2.0,1.0,2.0,1.0,2.0,2.0,2.0,2.0,2.0
69,2.0,1.0,1.0,2.0,1.0,1.0,2.0,2.0,2.0,1.0,1.0,0.0,2.0,1.0,2.0
70,2.0,1.0,1.0,0.0,1.0,1.0,1.0,1.0,1.0,1.0,1.0,1.0,1.0,1.0,1.0
72,1.0,1.0,0.0,0.0,2.0,2.0,2.0,2.0,1.0,1.0,1.0,2.0,2.0,2.0,2.0
74,1.0,2.0,-1.0,1.0,1.0,1.0,1.0,2.0,2.0,2.0,2.0,2.0,2.0,2.0,2.0
77,2.0,2.0,1.0,2.0,2.0,2.0,2.0,1.0,2.0,1.0,1.0,1.0,2.0,2.0,2.0
79,2.0,2.0,1.0,2.0,2.0,2.0,2.0,1.0,2.0,1.0,1.0,1.0,2.0,2.0,2.0
80,1.0,1.0,1.0,2.0,2.0,1.0,1.0,1.0,1.0,1.0,1.0,1.0,1.0,1.0,2.0
81,2.0,2.0,2.0,2.0,2.0,2.0,1.0,2.0,2.0,2.0,2.0,2.0,2.0,2.0,2.0
82,2.0,2.0,2.0,2.0,2.0,2.0,2.0,2.0,2.0,2.0,2.0,2.0,2.0,2.0,2.0
83,2.0,2.0,1.0,2.0,2.0,2.0,2.0,2.0,1.0,1.0,2.0,2.0,1.0,2.0,2.0
84,2.0,2.0,2.0,2.0,2.0,2.0,2.0,2.0,2.0,2.0,2.0,2.0,2.0,2.0,2.0
85,2.0,0.0,2.0,2.0,2.0,2.0,-1.0,-1.0,2.0,0.0,2.0,1.0,2.0,2.0,2.0
86,0.0,2.0,2.0,1.0,2.0,2.0,2.0,2.0,2.0,2.0,1.0,2.0,2.0,2.0,2.0
87,2.0,2.0,1.0,2.0,2.0,2.0,2.0,1.0,2.0,1.0,1.0,1.0,2.0,2.0,2.0
89,1.0,0.0,2.0,2.0,2.0,2.0,2.0,1.0,2.0,1.0,0.0,1.0,2.0,2.0,2.0
90,1.0,1.0,1.0,1.0,1.0,1.0,1.0,1.0,1.0,1.0,1.0,1.0,1.0,1.0,1.0
91,1.0,1.0,1.0,1.0,1.0,1.0,1.0,1.0,1.0,1.0,1.0,1.0,1.0,1.0,1.0
92,2.0,2.0,2.0,2.0,2.0,2.0,2.0,1.0,2.0,1.0,2.0,1.0,2.0,2.0,2.0
93,2.0,1.0,0.0,1.0,1.0,0.0,1.0,1.0,0.0,1.0,1.0,-1.0,2.0,1.0,1.0
94,2.0,2.0,2.0,2.0,2.0,2.0,2.0,2.0,2.0,2.0,2.0,2.0,2.0,2.0,2.0
95,1.0,2.0,2.0,1.0,2.0,2.0,2.0,1.0,2.0,1.0,2.0,1.0,2.0,2.0,2.0
97,2.0,2.0,0.0,2.0,2.0,2.0,2.0,2.0,2.0,2.0,2.0,1.0,2.0,2.0,2.0
99,2.0,1.0,1.0,1.0,1.0,1.0,1.0,1.0,1.0,1.0,1.0,1.0,2.0,2.0,1.0
101,1.0,1.0,1.0,1.0,0.0,1.0,1.0,1.0,2.0,2.0,1.0,1.0,1.0,1.0,2.0
102,1.0,1.0,0.0,1.0,2.0,1.0,1.0,0.0,2.0,1.0,2.0,1.0,2.0,1.0,2.0
103,1.0,1.0,-1.0,1.0,2.0,2.0,2.0,2.0,2.0,1.0,1.0,2.0,2.0,1.0,1.0
104,2.0,2.0,2.0,2.0,2.0,2.0,2.0,2.0,2.0,2.0,1.0,2.0,2.0,1.0,2.0
105,2.0,1.0,2.0,2.0,1.0,2.0,2.0,2.0,2.0,2.0,2.0,2.0,2.0,2.0,2.0
106,2.0,1.0,1.0,1.0,1.0,1.0,2.0,1.0,2.0,1.0,1.0,1.0,2.0,2.0,1.0
108,2.0,2.0,2.0,2.0,2.0,2.0,2.0,2.0,2.0,2.0,2.0,2.0,2.0,2.0,2.0
109,1.0,2.0,1.0,1.0,2.0,1.0,1.0,0.0,1.0,1.0,1.0,1.0,0.0,1.0,-1.0
110,2.0,2.0,2.0,2.0,2.0,2.0,2.0,2.0,2.0,2.0,2.0,2.0,2.0,2.0,2.0
111,1.0,1.0,1.0,1.0,1.0,1.0,1.0,1.0,1.0,1.0,1.0,1.0,1.0,1.0,1.0
113,1.0,2.0,0.0,1.0,1.0,1.0,1.0,1.0,1.0,0.0,1.0,0.0,1.0,1.0,0.0
114,2.0,2.0,2.0,2.0,1.0,2.0,2.0,2.0,2.0,2.0,2.0,2.0,2.0,2.0,2.0
115,2.0,1.0,-1.0,1.0,1.0,1.0,1.0,0.0,2.0,0.0,1.0,1.0,2.0,2.0,1.0
116,2.0,2.0,1.0,0.0,1.0,0.0,2.0,1.0,0.0,0.0,2.0,1.0,2.0,2.0,2.0
117,2.0,2.0,0.0,1.0,1.0,2.0,1.0,1.0,1.0,-1.0,1.0,1.0,1.0,2.0,1.0
118,2.0,2.0,1.0,2.0,2.0,2.0,2.0,1.0,2.0,0.0,1.0,1.0,1.0,1.0,2.0
119,0.0,0.0,1.0,1.0,0.0,1.0,0.0,-1.0,-1.0,0.0,0.0,1.0,1.0,0.0,0.0
120,2.0,-2.0,-1.0,0.0,1.0,2.0,1.0,0.0,-1.0,-2.0,1.0,-2.0,-1.0,0.0,1.0
121,2.0,2.0,0.0,2.0,1.0,1.0,1.0,1.0,1.0,0.0,2.0,-2.0,1.0,2.0,1.0
123,1.0,1.0,0.0,0.0,-1.0,2.0,2.0,1.0,2.0,1.0,1.0,1.0,2.0,2.0,2.0
125,2.0,2.0,0.0,2.0,-1.0,2.0,-1.0,1.0,-1.0,1.0,2.0,-1.0,2.0,-1.0,1.0
126,2.0,2.0,1.0,1.0,2.0,2.0,1.0,1.0,1.0,1.0,1.0,1.0,1.0,1.0,1.0
